AUTO BOOST/STRIP,POLK ST & ALICE B TOKLAS PL,5/15/2012 11:47 PM
VANDALISM,400 BLOCK BROADWAY,5/15/2012 11:27 PM
PERSON W/KNIFE,JONES ST & ELLIS ST,5/15/2012 11:27 PM
STRONGARM ROB.,700 BLOCK POLK ST,5/15/2012 11:12 PM
NOISE NUISANCE,200 BLOCK KEARNY ST,5/15/2012 11:02 PM
NOISE NUISANCE,1000 BLOCK TURK ST,5/15/2012 11:02 PM
STOLEN VEHICLE,CHESTNUT ST & MALLORCA WY,5/15/2012 10:20 PM
AUTO BOOST/STRIP,3RD ST & FOLSOM ST,5/15/2012 10:01 PM
PETTY THEFT,00 BLOCK CORDELIA ST,5/15/2012 09:52 PM
PETTY THEFT,700 BLOCK MARKET ST,5/15/2012 09:48 PM
PETTY THEFT,700 BLOCK VALLEJO ST,5/15/2012 09:47 PM
BURGLARY,100 BLOCK MARKET ST,5/15/2012 09:47 PM
NOISE NUISANCE,GREEN ST & COLUMBUS AV,5/15/2012 09:39 PM
STOLEN VEHICLE,600 BLOCK POST ST,5/15/2012 09:34 PM
IND EXPOSURE,00 BLOCK MALLORCA WY,5/15/2012 09:30 PM
AUTO BOOST/STRIP,100 BLOCK THE EMBARCADERO NOR,5/15/2012 09:24 PM
GRAND THEFT,STOCKTON ST & SACRAMENTO ST,5/15/2012 09:11 PM
IND EXPOSURE,00 BLOCK GUY PL,5/15/2012 08:58 PM
AUTO BOOST/STRIP,1000 BLOCK TURK ST,5/15/2012 08:29 PM
PETTY THEFT,800 BLOCK MARKET ST,5/15/2012 08:22 PM
PETTY THEFT,800 BLOCK MARKET ST,5/15/2012 08:19 PM
STOLEN VEHICLE,CLEMENT ST & 29TH AV,5/15/2012 07:50 PM
GRAND THEFT,00 BLOCK STOCKTON ST,5/15/2012 07:38 PM
PETTY THEFT,2200 BLOCK VAN NESS AV,5/15/2012 07:13 PM
AUTO BOOST/STRIP,5TH AV & CLEMENT ST,5/15/2012 07:04 PM
VANDALISM,MAPLE ST & WASHINGTON ST,5/15/2012 06:31 PM
FRAUD,1800 BLOCK CALIFORNIA ST,5/15/2012 06:30 PM
AUTO BOOST/STRIP,1000 BLOCK TURK ST,5/15/2012 06:10 PM
PETTY THEFT,500 BLOCK JONES ST,5/15/2012 06:10 PM
VANDALISM,1700 BLOCK TAYLOR ST,5/15/2012 06:09 PM
FRAUD,2000 BLOCK CALIFORNIA ST,5/15/2012 06:00 PM
ASSAULT/BATTERY,600 BLOCK MARKET ST,5/15/2012 05:57 PM
PETTY THEFT,700 BLOCK POST ST,5/15/2012 05:36 PM
AUTO BOOST/STRIP,700 BLOCK VAN NESS AV,5/15/2012 05:30 PM
PERSON WITH GUN,100 BLOCK GOLDEN GATE AV,5/15/2012 05:14 PM
VANDALISM,400 BLOCK ELLIS ST,5/15/2012 05:03 PM
PURSESNATCH,POWELL ST & ELLIS ST,5/15/2012 04:58 PM
ASSAULT/BATTERY,CALIFORNIA ST & HYDE ST,5/15/2012 04:52 PM
PETTY THEFT,00 BLOCK MCALLISTER ST,5/15/2012 04:32 PM
PETTY THEFT,4TH ST & MISSION ST,5/15/2012 04:26 PM
AUTO BOOST/STRIP,1000 BLOCK TURK ST,5/15/2012 04:20 PM
FRAUD,1100 BLOCK TURK ST,5/15/2012 04:18 PM
AUTO BOOST/STRIP,800 BLOCK VAN NESS AV,5/15/2012 04:18 PM
GRAND THEFT,00 BLOCK DRUMM ST,5/15/2012 04:12 PM
PETTY THEFT,2100 BLOCK CHESTNUT ST,5/15/2012 04:10 PM
ASSAULT/BATTERY,00 BLOCK FOLSOM ST,5/15/2012 04:08 PM
ASSAULT/BATTERY,STOCKTON ST & ELLIS ST,5/15/2012 04:07 PM
ASSAULT/BATTERY,500 BLOCK LARKIN ST,5/15/2012 03:59 PM
BURGLARY,2200 BLOCK LARKIN ST,5/15/2012 03:45 PM
VANDALISM,500 BLOCK LARKIN ST,5/15/2012 03:44 PM
BURGLARY,600 BLOCK 2ND ST,5/15/2012 03:42 PM
PETTY THEFT,800 BLOCK KEARNY ST,5/15/2012 03:40 PM
ASSAULT/BATTERY,900 BLOCK HYDE ST,5/15/2012 03:37 PM
ASSAULT/BATTERY,200 BLOCK TURK ST,5/15/2012 03:22 PM
BURGLARY,1700 BLOCK GREEN ST,5/15/2012 03:15 PM
NOISE NUISANCE,00 BLOCK MASON ST,5/15/2012 03:13 PM
AUTO BOOST/STRIP,SUTTER ST & STOCKTON ST,5/15/2012 02:51 PM
ASSAULT/BATTERY,900 BLOCK JACKSON ST,5/15/2012 02:45 PM
AGGR ASSAULT/ADW,300 BLOCK TAYLOR ST,5/15/2012 02:34 PM
STRONGARM ROB.,MARKET ST & 3RD ST,5/15/2012 02:27 PM
PURSESNATCH,KEARNY ST & MARKET ST,5/15/2012 02:27 PM
PETTY THEFT,1600 BLOCK HYDE ST,5/15/2012 02:22 PM
BURGLARY,600 BLOCK LARCH ST,5/15/2012 02:13 PM
PETTY THEFT,200 BLOCK SUTTER ST,5/15/2012 02:05 PM
STOLEN VEHICLE,GOLDEN GATE AV & HYDE ST,5/15/2012 02:00 PM
BURGLARY,1600 BLOCK SACRAMENTO ST,5/15/2012 01:52 PM
INTOX PERSON,00 BLOCK GOLDEN GATE AV,5/15/2012 01:50 PM
ASSAULT/BATTERY,700 BLOCK OFARRELL ST,5/15/2012 01:47 PM
ASSAULT/BATTERY,GOUGH ST & SACRAMENTO ST,5/15/2012 01:23 PM
AUTO BOOST/STRIP,300 BLOCK GOLDEN GATE AV,5/15/2012 01:22 PM
ROBBERY,TURK ST & JONES ST,5/15/2012 12:58 PM
STRONGARM ROB.,VAN NESS AV & PINE ST,5/15/2012 12:55 PM
GRAND THEFT,3RD ST & STILLMAN ST,5/15/2012 12:47 PM
PURSESNATCH,3RD ST & STILLMAN ST,5/15/2012 12:45 PM
PETTY THEFT,4TH ST & MARKET ST,5/15/2012 12:43 PM
NOISE NUISANCE,00 BLOCK DRUMM ST,5/15/2012 12:34 PM
VANDALISM,1100 BLOCK UNION ST,5/15/2012 12:28 PM
FRAUD,1100 BLOCK PACIFIC AV,5/15/2012 12:27 PM
STOLEN VEHICLE,2000 BLOCK VAN NESS AV,5/15/2012 12:26 PM
PETTY THEFT,1000 BLOCK TURK ST,5/15/2012 12:19 PM
ROBBERY,EDDY ST & LARKIN ST,5/15/2012 11:52 AM
ROBBERY,EDDY ST & LARKIN ST,5/15/2012 11:46 AM
STRONGARM ROB.,STOCKTON ST & CLAY ST,5/15/2012 11:31 AM
ASSAULT/BATTERY,1400 BLOCK LOMBARD ST,5/15/2012 10:51 AM
GRAND THEFT,100 BLOCK MASON ST,5/15/2012 10:21 AM
PETTY THEFT,6TH ST & MARKET ST,5/15/2012 10:21 AM
SEXUAL ASSAULT,2300 BLOCK BUCHANAN ST,5/15/2012 10:10 AM
FRAUD,GEARY BL & FILLMORE ST,5/15/2012 10:09 AM
AGGR ASSAULT/ADW,500 BLOCK MISSION ST,5/15/2012 10:05 AM
BURGLARY,600 BLOCK 2ND ST,5/15/2012 09:47 AM
AUTO BOOST/STRIP,BUSH ST & JONES ST,5/15/2012 09:37 AM
AUTO BOOST/STRIP,1000 BLOCK TURK ST,5/15/2012 09:28 AM
ASSAULT/BATTERY,STOCKTON ST & CAMPTON PL,5/15/2012 09:28 AM
BURGLARY,500 BLOCK SUTTER ST,5/15/2012 09:04 AM
PERSON WITH GUN,600 BLOCK MONTGOMERY ST,5/15/2012 08:41 AM
STOLEN VEHICLE,1700 BLOCK SCOTT ST,5/15/2012 08:34 AM
PETTY THEFT,1000 BLOCK TURK ST,5/15/2012 08:31 AM
NOISE NUISANCE,00 BLOCK STILLMAN ST,5/15/2012 08:22 AM
BURGLARY,3300 BLOCK CALIFORNIA ST,5/15/2012 07:38 AM
PERSON W/KNIFE,1400 BLOCK BUSH ST,5/15/2012 07:21 AM
AUTO BOOST/STRIP,1200 BLOCK BUCHANAN ST,5/15/2012 07:02 AM
NOISE NUISANCE,100 BLOCK OFARRELL ST,5/15/2012 06:54 AM
ASSAULT/BATTERY,100 BLOCK EDDY ST,5/15/2012 05:37 AM
SEXUAL ASSAULT,MASON ST & GEARY ST,5/15/2012 05:24 AM
BURGLARY,1500 BLOCK FILBERT ST,5/15/2012 04:48 AM
ROBBERY,MARKET ST & STOCKTON ST,5/15/2012 04:46 AM
PETTY THEFT,00 BLOCK CONTINUUM WY,5/15/2012 04:25 AM
PERSON WITH GUN,OFARRELL ST & JONES ST,5/15/2012 04:16 AM
NOISE NUISANCE,00 BLOCK MCALLISTER ST,5/15/2012 04:04 AM
NOISE NUISANCE,600 BLOCK CLEMENT ST,5/15/2012 03:09 AM
ASSAULT/BATTERY,BROADWAY  & KEARNY ST,5/15/2012 02:33 AM
ASSAULT/BATTERY,BUSH ST & GRANT AV,5/15/2012 02:23 AM
NOISE NUISANCE,POST ST & LARKIN ST,5/15/2012 01:34 AM
NOISE NUISANCE,POWELL ST & GEARY ST,5/15/2012 01:16 AM
NOISE NUISANCE,300 BLOCK POWELL ST,5/15/2012 01:10 AM
SOLICITING PROS,PINE ST & LARKIN ST,5/15/2012 01:09 AM
ROBBERY,300 BLOCK MASON ST,5/15/2012 12:54 AM
NOISE NUISANCE,1000 BLOCK TURK ST,5/15/2012 12:52 AM
AUTO BOOST/STRIP,VALLEJO ST & LEAVENWORTH ST,5/15/2012 12:50 AM
VANDALISM,500 BLOCK 3RD ST,5/15/2012 12:33 AM
ROBBERY,1000 BLOCK MARKET ST,5/15/2012 12:31 AM
NOISE NUISANCE,2ND ST & FOLSOM ST,5/15/2012 12:24 AM
AUTO BOOST/STRIP,WASHINGTON ST & BATTERY ST,5/15/2012 12:03 AM
ASSAULT/BATTERY,1300 BLOCK STOCKTON ST,5/14/2012 11:45 PM
BURGLARY,3500 BLOCK CLAY ST,5/14/2012 11:30 PM
AUTO BOOST/STRIP,WASHINGTON ST & BATTERY ST,5/14/2012 11:15 PM
BURGLARY,3000 BLOCK PINE ST,5/14/2012 10:57 PM
NOISE NUISANCE,KEARNY ST & COMMERCIAL ST,5/14/2012 10:29 PM
BURGLARY,00 BLOCK NEW MONTGOMERY ST,5/14/2012 10:26 PM
NOISE NUISANCE,500 BLOCK COLUMBUS AV,5/14/2012 10:25 PM
NOISE NUISANCE,GEARY ST & POWELL ST,5/14/2012 10:09 PM
AUTO BOOST/STRIP,PIERCE ST & CHESTNUT ST,5/14/2012 09:26 PM
PETTY THEFT,LARKIN ST & TURK ST,5/14/2012 09:17 PM
NOISE NUISANCE,COLUMBUS AV & GREEN ST,5/14/2012 09:07 PM
ASSAULT/BATTERY,400 BLOCK ELLIS ST,5/14/2012 08:58 PM
PERSON W/KNIFE,600 BLOCK STOCKTON ST,5/14/2012 08:57 PM
ASSAULT/BATTERY,800 BLOCK GEARY ST,5/14/2012 08:37 PM
NOISE NUISANCE,300 BLOCK HYDE ST,5/14/2012 08:29 PM
STOLEN VEHICLE,SUTTER ST & BRODERICK ST,5/14/2012 08:20 PM
PETTY THEFT,1700 BLOCK POLK ST,5/14/2012 08:19 PM
PETTY THEFT,900 BLOCK MARKET ST,5/14/2012 08:14 PM
NOISE NUISANCE,500 BLOCK OFARRELL ST,5/14/2012 08:10 PM
PETTY THEFT,1000 BLOCK TURK ST,5/14/2012 07:46 PM
AUTO BOOST/STRIP,1000 BLOCK TURK ST,5/14/2012 07:16 PM
VANDALISM,CALIFORNIA ST & VAN NESS AV,5/14/2012 07:08 PM
ROBBERY,800 BLOCK MARKET ST,5/14/2012 06:42 PM
ASSAULT/BATTERY,MARKET ST & TURK ST,5/14/2012 06:25 PM
ASSAULT/BATTERY,900 BLOCK MARKET ST,5/14/2012 06:24 PM
DRUNK DRIVER,SACRAMENTO ST & VAN NESS AV,5/14/2012 06:22 PM
VANDALISM,1700 BLOCK TAYLOR ST,5/14/2012 06:21 PM
NOISE NUISANCE,300 BLOCK EDDY ST,5/14/2012 06:19 PM
PETTY THEFT,500 BLOCK BROADWAY,5/14/2012 06:06 PM
SEXUAL ASSAULT,00 BLOCK PERRY ST,5/14/2012 05:59 PM
STOLEN VEHICLE,2100 BLOCK CALIFORNIA ST,5/14/2012 05:29 PM
AGGR ASSAULT/ADW,1000 BLOCK POLK ST,5/14/2012 05:26 PM
PETTY THEFT,100 BLOCK 4TH ST,5/14/2012 05:05 PM
STOLEN VEHICLE,1600 BLOCK GREENWICH ST,5/14/2012 05:03 PM
ASSAULT/BATTERY,2500 BLOCK CALIFORNIA ST,5/14/2012 04:47 PM
PETTY THEFT,LAGUNA ST & UNION ST,5/14/2012 04:44 PM
FRAUD,VAN NESS AV & CALIFORNIA ST,5/14/2012 04:42 PM
VANDALISM,100 BLOCK TAYLOR ST,5/14/2012 04:33 PM
BURGLARY,900 BLOCK MARKET ST,5/14/2012 04:24 PM
PERSON W/KNIFE,1300 BLOCK CALIFORNIA ST,5/14/2012 04:17 PM
PETTY THEFT,2100 BLOCK FILLMORE ST,5/14/2012 03:51 PM
PETTY THEFT,2100 BLOCK UNION ST,5/14/2012 03:41 PM
PETTY THEFT,400 BLOCK BROADWAY,5/14/2012 03:23 PM
BURGLARY,500 BLOCK LARKIN ST,5/14/2012 02:54 PM
BURGLARY,200 BLOCK HYDE ST,5/14/2012 02:53 PM
ASSAULT/BATTERY,LARKIN ST & MCALLISTER ST,5/14/2012 01:58 PM
VANDALISM,00 BLOCK JACK KEROUAC AL,5/14/2012 01:54 PM
FRAUD,300 BLOCK CALIFORNIA ST,5/14/2012 01:48 PM
AUTO BOOST/STRIP,300 BLOCK EDDY ST,5/14/2012 01:46 PM
FRAUD,300 BLOCK CALIFORNIA ST,5/14/2012 01:45 PM
ASSAULT/BATTERY,1400 BLOCK SCOTT ST,5/14/2012 01:35 PM
IND EXPOSURE,400 BLOCK VALLEJO ST,5/14/2012 01:34 PM
STOLEN VEHICLE,1000 BLOCK TURK ST,5/14/2012 01:31 PM
BURGLARY,600 BLOCK DAVIS ST,5/14/2012 01:30 PM
NOISE NUISANCE,00 BLOCK MASON ST,5/14/2012 01:22 PM
AUTO BOOST/STRIP,HYDE ST & TURK ST,5/14/2012 01:20 PM
BURGLARY,600 BLOCK EDDY ST,5/14/2012 01:20 PM
AUTO BOOST/STRIP,200 BLOCK GOLDEN GATE AV,5/14/2012 01:19 PM
BURGLARY,600 BLOCK EDDY ST,5/14/2012 01:19 PM
PURSESNATCH,LARKIN ST & MCALLISTER ST,5/14/2012 01:11 PM
FRAUD,200 BLOCK BATTERY ST,5/14/2012 01:11 PM
INTOX PERSON,200 BLOCK MCALLISTER ST,5/14/2012 12:54 PM
AUTO BOOST/STRIP,GOUGH ST & GEARY BL,5/14/2012 12:37 PM
ASSAULT/BATTERY,JONES ST & GOLDEN GATE AV,5/14/2012 12:29 PM
NOISE NUISANCE,1000 BLOCK MARKET ST,5/14/2012 12:26 PM
PERSON W/KNIFE,600 BLOCK CLAY ST,5/14/2012 11:39 AM
STOLEN VEHICLE,200 BLOCK MONTGOMERY ST,5/14/2012 11:38 AM
STOLEN VEHICLE,200 BLOCK MONTGOMERY ST,5/14/2012 11:37 AM
STOLEN VEHICLE,1000 BLOCK TURK ST,5/14/2012 11:30 AM
PETTY THEFT,00 BLOCK NEW MONTGOMERY ST,5/14/2012 11:17 AM
BURGLARY,600 BLOCK MISSION ST,5/14/2012 11:08 AM
PETTY THEFT,100 BLOCK 6TH ST,5/14/2012 11:05 AM
FRAUD,100 BLOCK PINE ST,5/14/2012 10:37 AM
BURGLARY,700 BLOCK MARKET ST,5/14/2012 10:28 AM
VANDALISM,1400 BLOCK FILLMORE ST,5/14/2012 09:55 AM
VANDALISM,1500 BLOCK EDDY ST,5/14/2012 09:55 AM
ASSAULT/BATTERY,900 BLOCK SUTTER ST,5/14/2012 09:42 AM
AUTO BOOST/STRIP,800 BLOCK POLK ST,5/14/2012 09:30 AM
STOLEN VEHICLE,1000 BLOCK TURK ST,5/14/2012 09:23 AM
INTOX PERSON,800 BLOCK BUSH ST,5/14/2012 09:17 AM
STOLEN VEHICLE,1600 BLOCK GREENWICH ST,5/14/2012 09:11 AM
BURGLARY,2800 BLOCK VAN NESS AV,5/14/2012 09:01 AM
PETTY THEFT,PINE ST & PRESIDIO AV,5/14/2012 08:47 AM
ASSAULT/BATTERY,400 BLOCK BROADWAY,5/14/2012 08:25 AM
PETTY THEFT,600 BLOCK HARRISON ST,5/14/2012 08:21 AM
NOISE NUISANCE,00 BLOCK TAYLOR ST,5/14/2012 08:16 AM
BURGLARY,600 BLOCK POST ST,5/14/2012 08:12 AM
PETTY THEFT,1000 BLOCK TURK ST,5/14/2012 08:08 AM
STOLEN VEHICLE,200 BLOCK 2ND ST,5/14/2012 08:07 AM
INTOX PERSON,6TH ST & STEVENSON ST,5/14/2012 07:47 AM
BURGLARY,100 BLOCK 2ND ST,5/14/2012 07:37 AM
STOLEN VEHICLE,2500 BLOCK CLAY ST,5/14/2012 07:28 AM
BURGLARY,400 BLOCK LAUREL ST,5/14/2012 07:13 AM
PETTY THEFT,100 BLOCK JACKSON ST,5/14/2012 06:57 AM
BURGLARY,100 BLOCK 6TH ST,5/14/2012 06:46 AM
AUTO BOOST/STRIP,1ST ST & HOWARD ST,5/14/2012 06:25 AM
BURGLARY,1300 BLOCK LEAVENWORTH ST,5/14/2012 05:20 AM
ASSAULT/BATTERY,1100 BLOCK BUSH ST,5/14/2012 04:41 AM
NOISE NUISANCE,1400 BLOCK CALIFORNIA ST,5/14/2012 04:37 AM
NOISE NUISANCE,300 BLOCK 5TH AV,5/14/2012 04:27 AM
NOISE NUISANCE,1000 BLOCK MARKET ST,5/14/2012 04:23 AM
ROBBERY,700 BLOCK MARKET ST,5/14/2012 03:51 AM
NOISE NUISANCE,200 BLOCK ANZA ST,5/14/2012 02:56 AM
NOISE NUISANCE,200 BLOCK COLLINS ST,5/14/2012 02:54 AM
NOISE NUISANCE,200 BLOCK MCALLISTER ST,5/14/2012 02:30 AM
ASSAULT/BATTERY,900 BLOCK SUTTER ST,5/14/2012 02:26 AM
ASSAULT/BATTERY,STEINER ST & VALLEJO ST,5/14/2012 02:08 AM
AUTO BOOST/STRIP,1700 BLOCK UNION ST,5/14/2012 01:56 AM
VANDALISM,SUTTER ST & LEAVENWORTH ST,5/14/2012 01:41 AM
IND EXPOSURE,800 BLOCK OFARRELL ST,5/14/2012 01:41 AM
FRAUD,600 BLOCK GEARY ST,5/14/2012 01:37 AM
NOISE NUISANCE,HOWARD ST & 2ND ST,5/14/2012 01:31 AM
ROBBERY,GOLDEN GATE AV & MARKET ST,5/14/2012 12:58 AM
VANDALISM,600 BLOCK TURK ST,5/14/2012 12:46 AM
PERSON W/KNIFE,600 BLOCK ELLIS ST,5/14/2012 12:18 AM
NOISE NUISANCE,LEAVENWORTH ST & EDDY ST,5/14/2012 12:14 AM
INTOX PERSON,400 BLOCK GREEN ST,5/14/2012 12:07 AM
NOISE NUISANCE,HOWARD ST & SPEAR ST,5/13/2012 11:55 PM
NOISE NUISANCE,2400 BLOCK SUTTER ST,5/13/2012 11:45 PM
INTOX PERSON,KEARNY ST & VALLEJO ST,5/13/2012 11:45 PM
STOLEN VEHICLE,1700 BLOCK OFARRELL ST,5/13/2012 11:44 PM
NOISE NUISANCE,600 BLOCK EDDY ST,5/13/2012 11:43 PM
NOISE NUISANCE,500 BLOCK TURK ST,5/13/2012 11:42 PM
PERSON W/KNIFE DV,1000 BLOCK MISSION ST,5/13/2012 11:36 PM
NOISE NUISANCE,EDDY ST & HYDE ST,5/13/2012 11:29 PM
NOISE NUISANCE,SUTTER ST & BRODERICK ST,5/13/2012 11:04 PM
PETTY THEFT,1000 BLOCK TURK ST,5/13/2012 10:48 PM
PETTY THEFT,100 BLOCK POWELL ST,5/13/2012 10:46 PM
NOISE NUISANCE,2400 BLOCK SUTTER ST,5/13/2012 10:45 PM
ROBBERY,100 BLOCK NEW MONTGOMERY ST,5/13/2012 10:44 PM
AUTO BOOST/STRIP,SANSOME ST & PACIFIC AV,5/13/2012 10:37 PM
AUTO BOOST/STRIP,500 BLOCK SANSOME ST,5/13/2012 10:33 PM
AUTO BOOST/STRIP,1200 BLOCK SANSOME ST,5/13/2012 10:32 PM
NOISE NUISANCE,500 BLOCK LARKIN ST,5/13/2012 10:19 PM
NOISE NUISANCE,300 BLOCK 5TH AV,5/13/2012 10:06 PM
STOLEN VEHICLE,2300 BLOCK FRANKLIN ST,5/13/2012 09:56 PM
DRUNK DRIVER,700 BLOCK 80 WB BAY BR Z TI,5/13/2012 09:44 PM
NOISE NUISANCE,GEARY ST & JONES ST,5/13/2012 09:40 PM
DRUNK DRIVER,00 BLOCK 101NB BAYSHORE BL ON,5/13/2012 09:35 PM
PETTY THEFT,1000 BLOCK TURK ST,5/13/2012 09:35 PM
NOISE NUISANCE,HOWARD ST & SPEAR ST,5/13/2012 09:27 PM
FRAUD,2200 BLOCK LAGUNA ST,5/13/2012 09:15 PM
BURGLARY,100 BLOCK VARENNES ST,5/13/2012 09:05 PM
VANDALISM,1300 BLOCK BUSH ST,5/13/2012 08:48 PM
BURGLARY,900 BLOCK SUTTER ST,5/13/2012 08:45 PM
ASSAULT/BATTERY,POWELL ST & GEARY ST,5/13/2012 08:29 PM
NOISE NUISANCE,500 BLOCK BROADWAY,5/13/2012 08:25 PM
NOISE NUISANCE,500 BLOCK BUSH ST,5/13/2012 08:23 PM
NOISE NUISANCE,900 BLOCK SUTTER ST,5/13/2012 08:22 PM
ASSAULT/BATTERY,1000 BLOCK POLK ST,5/13/2012 08:18 PM
NOISE NUISANCE,POLK ST & AUSTIN ST,5/13/2012 08:11 PM
NOISE NUISANCE,100 BLOCK JONES ST,5/13/2012 08:10 PM
BURGLARY,2900 BLOCK GOUGH ST,5/13/2012 08:09 PM
VANDALISM,1400 BLOCK LARKIN ST,5/13/2012 08:07 PM
NOISE NUISANCE,300 BLOCK EDDY ST,5/13/2012 08:05 PM
PETTY THEFT,00 BLOCK MASONIC AV,5/13/2012 07:54 PM
STOLEN VEHICLE,1000 BLOCK TURK ST,5/13/2012 07:51 PM
NOISE NUISANCE,1600 BLOCK WASHINGTON ST,5/13/2012 07:50 PM
BURGLARY,900 BLOCK JONES ST,5/13/2012 06:40 PM
FRAUD,300 BLOCK 3RD AV,5/13/2012 06:35 PM
BURGLARY,1500 BLOCK CALIFORNIA ST,5/13/2012 06:14 PM
ASSAULT/BATTERY,1000 BLOCK POLK ST,5/13/2012 06:12 PM
GRAND THEFT,5TH ST & MISSION ST,5/13/2012 06:11 PM
ASSAULT/BATTERY,SUTTER ST & LAGUNA ST,5/13/2012 06:06 PM
ASSAULT/BATTERY,300 BLOCK COLUMBUS AV,5/13/2012 06:06 PM
STOLEN VEHICLE,VALLEJO ST & VAN NESS AV,5/13/2012 06:04 PM
PETTY THEFT,700 BLOCK MARKET ST,5/13/2012 05:26 PM
NOISE NUISANCE,NEW MONTGOMERY ST & HOWARD ST,5/13/2012 05:22 PM
PERSON W/KNIFE,1000 BLOCK GRANT AV,5/13/2012 05:15 PM
IND EXPOSURE,1600 BLOCK BATTERY CHAMBERLIN RD,5/13/2012 05:09 PM
PERSON W/KNIFE,700 BLOCK WASHINGTON ST,5/13/2012 05:04 PM
PETTY THEFT,GEARY ST & POWELL ST,5/13/2012 04:54 PM
PERSON W/KNIFE,MARKET ST & 6TH ST,5/13/2012 04:50 PM
FRAUD,400 BLOCK GEARY ST,5/13/2012 04:22 PM
IND EXPOSURE,400 BLOCK BRYANT ST,5/13/2012 04:17 PM
NOISE NUISANCE,2ND ST & HOWARD ST,5/13/2012 04:16 PM
IND EXPOSURE,500 BLOCK JESSIE ST,5/13/2012 04:13 PM
VANDALISM,EDDY ST & VAN NESS AV,5/13/2012 03:33 PM
GRAND THEFT,700 BLOCK BROADWAY,5/13/2012 03:25 PM
PERSON WITH GUN,900 BLOCK GEARY ST,5/13/2012 03:24 PM
AUTO BOOST/STRIP,2ND ST & STILLMAN ST,5/13/2012 03:22 PM
AUTO BOOST/STRIP,HYDE ST & BUSH ST,5/13/2012 03:13 PM
ASSAULT/BATTERY,100 BLOCK ELLIS ST,5/13/2012 03:13 PM
PETTY THEFT,200 BLOCK GEARY ST,5/13/2012 03:07 PM
AUTO BOOST/STRIP,1000 BLOCK TURK ST,5/13/2012 03:04 PM
PETTY THEFT,00 BLOCK 5TH ST,5/13/2012 02:58 PM
AUTO BOOST/STRIP,BUSH ST & HYDE ST,5/13/2012 02:56 PM
ASSAULT/BATTERY,600 BLOCK EDDY ST,5/13/2012 02:47 PM
NOISE NUISANCE,00 BLOCK 21ST AV,5/13/2012 01:45 PM
STOLEN VEHICLE,2100 BLOCK POST ST,5/13/2012 01:21 PM
STOLEN VEHICLE,1400 BLOCK VALLEJO ST,5/13/2012 01:13 PM
STRONGARM ROB.,800 BLOCK MARKET ST,5/13/2012 01:12 PM
AUTO BOOST/STRIP,1000 BLOCK TURK ST,5/13/2012 12:55 PM
IND EXPOSURE,1100 BLOCK MARKET ST,5/13/2012 12:52 PM
IND EXPOSURE,1100 BLOCK MARKET ST,5/13/2012 12:51 PM
NOISE NUISANCE,POWELL ST & MARKET ST,5/13/2012 12:50 PM
PETTY THEFT,1600 BLOCK VAN NESS AV,5/13/2012 12:04 PM
INTOX PERSON,00 BLOCK OFARRELL ST,5/13/2012 11:41 AM
BURGLARY,800 BLOCK WASHINGTON ST,5/13/2012 10:47 AM
PETTY THEFT,600 BLOCK MARKET ST,5/13/2012 10:21 AM
BURGLARY,3300 BLOCK CLAY ST,5/13/2012 10:19 AM
NOISE NUISANCE,600 BLOCK POLK ST,5/13/2012 10:10 AM
ASSAULT/BATTERY,MARKET ST & 5TH ST,5/13/2012 10:09 AM
INTOX PERSON,2100 BLOCK LOMBARD ST,5/13/2012 10:04 AM
PERSON WITH GUN,200 BLOCK MARKET ST,5/13/2012 09:55 AM
AUTO BOOST/STRIP,1000 BLOCK MISSION ST,5/13/2012 09:29 AM
AUTO BOOST/STRIP,1000 BLOCK MISSION ST,5/13/2012 09:28 AM
NOISE NUISANCE,00 BLOCK MASON ST,5/13/2012 08:52 AM
AUTO BOOST/STRIP,1000 BLOCK MISSION ST,5/13/2012 08:32 AM
PETTY THEFT,1500 BLOCK EDDY ST,5/13/2012 08:21 AM
BURGLARY,300 BLOCK CLAY ST,5/13/2012 08:13 AM
VANDALISM,BATTERY ST & CALIFORNIA ST,5/13/2012 07:59 AM
PETTY THEFT,LARKIN ST & EDDY ST,5/13/2012 07:21 AM
PETTY THEFT,300 BLOCK POWELL ST,5/13/2012 07:18 AM
VANDALISM,200 BLOCK POWELL ST,5/13/2012 07:15 AM
PERSON W/KNIFE,POWELL ST & OFARRELL ST,5/13/2012 07:14 AM
NOISE NUISANCE,2800 BLOCK WEBSTER ST,5/13/2012 06:41 AM
BURGLARY,1000 BLOCK TURK ST,5/13/2012 06:02 AM
NOISE NUISANCE,100 BLOCK JONES ST,5/13/2012 06:00 AM
ASSAULT/BATTERY,OFARRELL ST & POWELL ST,5/13/2012 05:57 AM
ASSAULT/BATTERY,800 BLOCK GEARY ST,5/13/2012 05:21 AM
ASSAULT/BATTERY,BUSH ST & LARKIN ST,5/13/2012 04:46 AM
ASSAULT/BATTERY,1000 BLOCK LEAVENWORTH ST,5/13/2012 04:45 AM
AUTO BOOST/STRIP,3RD ST & HARRISON ST,5/13/2012 04:36 AM
NOISE NUISANCE,1000 BLOCK PINE ST,5/13/2012 04:27 AM
ASSAULT/BATTERY,400 BLOCK GEARY ST,5/13/2012 04:26 AM
NOISE NUISANCE,1000 BLOCK PINE ST,5/13/2012 04:26 AM
SOLICITING PROS,POLK ST & AUSTIN ST,5/13/2012 04:09 AM
NOISE NUISANCE,600 BLOCK CLAY ST,5/13/2012 03:55 AM
STOLEN VEHICLE,PERRY ST & 3RD ST,5/13/2012 03:41 AM
STRONGARM ROB.,KEARNY ST & CLAY ST,5/13/2012 03:16 AM
NOISE NUISANCE,500 BLOCK JONES ST,5/13/2012 03:15 AM
PERSON WITH GUN,3RD ST & MARKET ST,5/13/2012 02:57 AM
ASSAULT/BATTERY,100 BLOCK COOK ST,5/13/2012 02:48 AM
NOISE NUISANCE,1500 BLOCK VALLEJO ST,5/13/2012 02:47 AM
PETTY THEFT,00 BLOCK MCALLISTER ST,5/13/2012 02:35 AM
BURGLARY,300 BLOCK GREEN ST,5/13/2012 02:33 AM
STOLEN VEHICLE,GREEN ST & COLUMBUS AV,5/13/2012 02:33 AM
NOISE NUISANCE,400 BLOCK 4TH AV,5/13/2012 02:31 AM
STOLEN VEHICLE,700 BLOCK HARRISON ST,5/13/2012 02:30 AM
PERSON W/KNIFE DV,POLK ST & GEARY ST,5/13/2012 02:22 AM
NOISE NUISANCE,CALIFORNIA ST & POLK ST,5/13/2012 02:21 AM
INTOX PERSON,BROADWAY  & KEARNY ST,5/13/2012 02:16 AM
ASSAULT/BATTERY,1000 BLOCK SUTTER ST,5/13/2012 02:13 AM
NOISE NUISANCE,2000 BLOCK VALLEJO ST,5/13/2012 02:04 AM
INTOX PERSON,400 BLOCK BROADWAY,5/13/2012 02:03 AM
NOISE NUISANCE,1300 BLOCK CALIFORNIA ST,5/13/2012 01:59 AM
BURGLARY,300 BLOCK POWELL ST,5/13/2012 01:46 AM
PETTY THEFT,MASON ST & OFARRELL ST,5/13/2012 01:40 AM
ASSAULT/BATTERY,900 BLOCK HYDE ST,5/13/2012 01:35 AM
NOISE NUISANCE,ELLIS ST & JONES ST,5/13/2012 01:34 AM
AUTO BOOST/STRIP,00 BLOCK BONIFACIO ST,5/13/2012 01:33 AM
NOISE NUISANCE,2400 BLOCK POST ST,5/13/2012 01:26 AM
PETTY THEFT,TURK ST & TAYLOR ST,5/13/2012 01:24 AM
NOISE NUISANCE,POLK ST & BONITA ST,5/13/2012 01:18 AM
NOISE NUISANCE,TURK ST & JONES ST,5/13/2012 01:16 AM
PETTY THEFT,3100 BLOCK FILLMORE ST,5/13/2012 01:04 AM
FRAUD,CLEMENT ST & 19TH AV,5/13/2012 12:49 AM
NOISE NUISANCE,200 BLOCK KEARNY ST,5/13/2012 12:48 AM
NOISE NUISANCE,1000 BLOCK MARKET ST,5/13/2012 12:36 AM
NOISE NUISANCE,1900 BLOCK LEAVENWORTH ST,5/13/2012 12:20 AM
NOISE NUISANCE,1400 BLOCK VAN NESS AV,5/13/2012 12:19 AM
AUTO BOOST/STRIP,900 BLOCK CALIFORNIA ST,5/13/2012 12:11 AM
NOISE NUISANCE,2000 BLOCK UNION ST,5/13/2012 12:09 AM
PERSON WITH GUN,FRANK NORRIS ST & LARKIN ST,5/13/2012 12:03 AM
VANDALISM,1900 BLOCK OCTAVIA ST,5/13/2012 12:03 AM
AUTO BOOST/STRIP,00 BLOCK MASON ST,5/13/2012 12:01 AM
GRAND THEFT,3100 BLOCK FILLMORE ST,5/12/2012 11:59 PM
GRAND THEFT,TURK ST & MASON ST,5/12/2012 11:57 PM
STOLEN VEHICLE,100 BLOCK BRANNAN ST,5/12/2012 11:50 PM
NOISE NUISANCE,2400 BLOCK POST ST,5/12/2012 11:47 PM
PERSON W/KNIFE,00 BLOCK TURK ST,5/12/2012 11:36 PM
NOISE NUISANCE,00 BLOCK DRUMM ST,5/12/2012 11:26 PM
ASSAULT/BATTERY,00 BLOCK CAMPTON PL,5/12/2012 11:18 PM
NOISE NUISANCE,LYON ST & POST ST,5/12/2012 11:18 PM
BURGLARY,800 BLOCK WASHINGTON ST,5/12/2012 11:11 PM
BURGLARY,1800 BLOCK HYDE ST,5/12/2012 11:01 PM
NOISE NUISANCE,1100 BLOCK SUTTER ST,5/12/2012 11:00 PM
NOISE NUISANCE,POLK ST & TURK ST,5/12/2012 10:59 PM
AUTO BOOST/STRIP,1000 BLOCK TURK ST,5/12/2012 10:58 PM
ASSAULT/BATTERY,POWELL ST & SUTTER ST,5/12/2012 10:46 PM
AUTO BOOST/STRIP,00 BLOCK LEAVENWORTH ST,5/12/2012 10:34 PM
STRONGARM ROB.,800 BLOCK MARKET ST,5/12/2012 10:33 PM
NOISE NUISANCE,900 BLOCK LAKE ST,5/12/2012 10:32 PM
NOISE NUISANCE,GEARY BL & 5TH AV,5/12/2012 10:32 PM
NOISE NUISANCE,1000 BLOCK TURK ST,5/12/2012 10:31 PM
AUTO BOOST/STRIP,FOLSOM ST & HAWTHORNE ST,5/12/2012 10:29 PM
NOISE NUISANCE,200 BLOCK KEARNY ST,5/12/2012 10:24 PM
INTOX PERSON,00 BLOCK 5TH ST,5/12/2012 09:49 PM
ASSAULT/BATTERY,00 BLOCK 6TH ST,5/12/2012 09:45 PM
NOISE NUISANCE,1300 BLOCK TAYLOR ST,5/12/2012 09:42 PM
AUTO BOOST/STRIP,GOLDEN GATE AV & GOUGH ST,5/12/2012 09:13 PM
AUTO BOOST/STRIP,CHESTNUT ST & BUCHANAN ST,5/12/2012 09:10 PM
NOISE NUISANCE,400 BLOCK MINNA ST,5/12/2012 08:55 PM
PETTY THEFT,00 BLOCK DRUMM ST,5/12/2012 08:41 PM
STRONGARM ROB.,5TH AV & CLEMENT ST,5/12/2012 08:35 PM
VANDALISM,1700 BLOCK ELLIS ST,5/12/2012 08:27 PM
GRAND THEFT,100 BLOCK OFARRELL ST,5/12/2012 08:23 PM
PETTY THEFT,POST ST & JONES ST,5/12/2012 08:11 PM
NOISE NUISANCE,800 BLOCK MARKET ST,5/12/2012 08:10 PM
VANDALISM,GEARY BL & WEBSTER ST,5/12/2012 08:05 PM
VANDALISM,MARKET ST & 1ST ST,5/12/2012 08:00 PM
VANDALISM,1700 BLOCK ELLIS ST,5/12/2012 07:42 PM
AUTO BOOST/STRIP,PO00 BLOCK ST,5/12/2012 07:40 PM
VANDALISM,1700 BLOCK ELLIS ST,5/12/2012 07:38 PM
VANDALISM,POST ST & WEBSTER ST,5/12/2012 07:36 PM
PETTY THEFT,1000 BLOCK TURK ST,5/12/2012 07:13 PM
BURGLARY,100 BLOCK CLAY ST,5/12/2012 07:07 PM
VANDALISM,200 BLOCK SUTTER ST,5/12/2012 07:06 PM
NOISE NUISANCE,1000 BLOCK MARKET ST,5/12/2012 07:02 PM
STRONGARM ROB.,100 BLOCK TAYLOR ST,5/12/2012 06:57 PM
PERSON WITH GUN,00 BLOCK GOLD ST,5/12/2012 06:33 PM
DRUNK DRIVER,100 BLOCK OFARRELL ST,5/12/2012 06:06 PM
ASSAULT/BATTERY,OFARRELL ST & MASON ST,5/12/2012 05:44 PM
PETTY THEFT,800 BLOCK MARKET ST,5/12/2012 05:19 PM
FRAUD,1000 BLOCK TURK ST,5/12/2012 05:17 PM
PETTY THEFT,2000 BLOCK CALIFORNIA ST,5/12/2012 04:46 PM
PETTY THEFT,3400 BLOCK CALIFORNIA ST,5/12/2012 04:19 PM
NOISE NUISANCE,500 BLOCK GRANT AV,5/12/2012 04:17 PM
PETTY THEFT,3400 BLOCK CALIFORNIA ST,5/12/2012 04:15 PM
NOISE NUISANCE,300 BLOCK EDDY ST,5/12/2012 04:14 PM
VANDALISM,GEARY BL & FILLMORE ST,5/12/2012 04:11 PM
VANDALISM,4TH ST & MISSION ST,5/12/2012 03:55 PM
VANDALISM,2000 BLOCK GREEN ST,5/12/2012 03:52 PM
PETTY THEFT,800 BLOCK MARKET ST,5/12/2012 03:44 PM
STOLEN VEHICLE,600 BLOCK ELLIS ST,5/12/2012 03:31 PM
PETTY THEFT,100 BLOCK ELLIS ST,5/12/2012 03:27 PM
PETTY THEFT,3400 BLOCK CALIFORNIA ST,5/12/2012 03:21 PM
PETTY THEFT,1900 BLOCK FILLMORE ST,5/12/2012 02:58 PM
PETTY THEFT,1900 BLOCK FILLMORE ST,5/12/2012 02:55 PM
PETTY THEFT,STOCKTON ST & UNION ST,5/12/2012 02:30 PM
VANDALISM,500 BLOCK LARKIN ST,5/12/2012 01:27 PM
GRAND THEFT,3800 BLOCK CALIFORNIA ST,5/12/2012 01:06 PM
BURGLARY,200 BLOCK MARKET ST,5/12/2012 01:05 PM
BURGLARY,MISSION ST & THE EMBARCADERO SO,5/12/2012 01:03 PM
PETTY THEFT,GEARY BL & FILLMORE ST,5/12/2012 12:51 PM
FRAUD,00 BLOCK BAYSIDE VILLAGE PL,5/12/2012 12:48 PM
FRAUD,200 BLOCK 3RD AV,5/12/2012 12:32 PM
BURGLARY,800 BLOCK HOWARD ST,5/12/2012 12:18 PM
AGGR ASSAULT/ADW,1000 BLOCK TURK ST,5/12/2012 12:17 PM
AGGR ASSAULT/ADW,1000 BLOCK TURK ST,5/12/2012 12:17 PM
VANDALISM,1300 BLOCK BROADWAY ST,5/12/2012 12:10 PM
BURGLARY,400 BLOCK MASON ST,5/12/2012 11:56 AM
STOLEN VEHICLE,700 BLOCK PACIFIC AV,5/12/2012 11:55 AM
ASSAULT/BATTERY,TAYLOR ST & GEARY ST,5/12/2012 11:50 AM
BURGLARY,2200 BLOCK CALIFORNIA ST,5/12/2012 11:35 AM
PETTY THEFT,LEAVENWORTH ST & MCALLISTER ST,5/12/2012 11:30 AM
STOLEN VEHICLE,FOLSOM ST & 2ND ST,5/12/2012 11:25 AM
FRAUD,300 BLOCK GEARY ST,5/12/2012 10:21 AM
STOLEN VEHICLE,1500 BLOCK GOUGH ST,5/12/2012 10:21 AM
BURGLARY,200 BLOCK BRANNAN ST,5/12/2012 10:19 AM
PETTY THEFT,MARKET ST & 4TH ST,5/12/2012 10:16 AM
BURGLARY,500 BLOCK PACIFIC AV,5/12/2012 10:07 AM
BURGLARY,1900 BLOCK UNION ST,5/12/2012 09:52 AM
AUTO BOOST/STRIP,CHESTNUT ST & BUCHANAN ST,5/12/2012 09:30 AM
AUTO BOOST/STRIP,1000 BLOCK TURK ST,5/12/2012 09:17 AM
PETTY THEFT,2ND ST & TOWNSEND ST,5/12/2012 09:12 AM
AUTO BOOST/STRIP,1000 BLOCK TURK ST,5/12/2012 08:58 AM
AUTO BOOST/STRIP,1000 BLOCK TURK ST,5/12/2012 08:58 AM
AUTO BOOST/STRIP,1000 BLOCK TURK ST,5/12/2012 08:52 AM
AUTO BOOST/STRIP,1000 BLOCK TURK ST,5/12/2012 08:52 AM
NOISE NUISANCE,1000 BLOCK MARKET ST,5/12/2012 08:47 AM
BURGLARY,300 BLOCK KEARNY ST,5/12/2012 08:43 AM
BURGLARY,400 BLOCK MASON ST,5/12/2012 08:42 AM
BURGLARY,400 BLOCK MASON ST,5/12/2012 08:41 AM
AUTO BOOST/STRIP,POST ST & DIVISADERO ST,5/12/2012 08:38 AM
NOISE NUISANCE,GEARY ST & MASON ST,5/12/2012 07:43 AM
NOISE NUISANCE,00 BLOCK HOWARD ST,5/12/2012 07:39 AM
INTOX PERSON,100 BLOCK EDDY ST,5/12/2012 07:13 AM
NOISE NUISANCE,MASON ST & GEARY ST,5/12/2012 07:07 AM
ASSAULT/BATTERY,MARKET ST & 6TH ST,5/12/2012 05:27 AM
NOISE NUISANCE,400 BLOCK OFARRELL ST,5/12/2012 05:12 AM
SEXUAL ASSAULT,MAIDEN LN & KEARNY ST,5/12/2012 04:21 AM
SEXUAL ASSAULT,MAIDEN LN & KEARNY ST,5/12/2012 04:19 AM
STRONGARM ROB.,7TH ST & MARKET ST,5/12/2012 04:04 AM
VANDALISM,600 BLOCK CALIFORNIA ST,5/12/2012 03:48 AM
AUTO BOOST/STRIP,FRANKLIN ST & VALLEJO ST,5/12/2012 03:34 AM
STOLEN VEHICLE,1ST ST & FOLSOM ST,5/12/2012 03:28 AM
AUTO BOOST/STRIP,3RD ST & PERRY ST,5/12/2012 03:17 AM
STOLEN VEHICLE,700 BLOCK VALLEJO ST,5/12/2012 02:55 AM
NOISE NUISANCE,300 BLOCK JONES ST,5/12/2012 02:51 AM
ASSAULT/BATTERY,1400 BLOCK CALIFORNIA ST,5/12/2012 02:48 AM
NOISE NUISANCE,700 BLOCK OFARRELL ST,5/12/2012 02:36 AM
NOISE NUISANCE,500 BLOCK JONES ST,5/12/2012 02:32 AM
ASSAULT/BATTERY,6TH ST & MISSION ST,5/12/2012 02:31 AM
AUTO BOOST/STRIP,3RD ST & BRYANT ST,5/12/2012 02:27 AM
NOISE NUISANCE,CYRIL MAGNIN ST & ELLIS ST,5/12/2012 02:25 AM
AUTO BOOST/STRIP,500 BLOCK 80 WB Z TI YB,5/12/2012 02:11 AM
NOISE NUISANCE,600 BLOCK TURK ST,5/12/2012 02:05 AM
AUTO BOOST/STRIP,3RD ST & BRYANT ST,5/12/2012 01:57 AM
NOISE NUISANCE,ELLIS ST & CYRIL MAGNIN ST,5/12/2012 01:49 AM
NOISE NUISANCE,900 BLOCK GEARY ST,5/12/2012 01:48 AM
AUTO BOOST/STRIP,PERRY ST & 3RD ST,5/12/2012 01:45 AM
ASSAULT/BATTERY,1700 BLOCK POLK ST,5/12/2012 01:36 AM
NOISE NUISANCE,600 BLOCK JONES ST,5/12/2012 01:13 AM
PETTY THEFT,TEHAMA ST & 5TH ST,5/12/2012 01:08 AM
NOISE NUISANCE,800 BLOCK LARKIN ST,5/12/2012 01:07 AM
GRAND THEFT,HYDE ST & EDDY ST,5/12/2012 12:56 AM
NOISE NUISANCE,00 BLOCK BARCELONA AV,5/12/2012 12:53 AM
NOISE NUISANCE,300 BLOCK 5TH AV,5/12/2012 12:51 AM
NOISE NUISANCE,1500 BLOCK BRODERICK ST,5/12/2012 12:43 AM
NOISE NUISANCE,2400 BLOCK SUTTER ST,5/12/2012 12:37 AM
NOISE NUISANCE,2900 BLOCK BUSH ST,5/12/2012 12:36 AM
NOISE NUISANCE,POLK ST & TURK ST,5/12/2012 12:32 AM
NOISE NUISANCE,1300 BLOCK TURK ST,5/12/2012 12:25 AM
NOISE NUISANCE,1300 BLOCK KEARNY ST,5/12/2012 12:22 AM
ASSAULT/BATTERY,400 BLOCK ELLIS ST,5/12/2012 12:11 AM
STRONGARM ROB.,1900 BLOCK LOMBARD ST,5/12/2012 12:08 AM
STRONGARM ROB.,1900 BLOCK LOMBARD ST,5/11/2012 11:53 PM
NOISE NUISANCE,2700 BLOCK CLAY ST,5/11/2012 11:46 PM
NOISE NUISANCE,300 BLOCK 5TH AV,5/11/2012 11:41 PM
PETTY THEFT,STEINER ST & LOMBARD ST,5/11/2012 11:41 PM
NOISE NUISANCE,BUSH ST & DASHIELL HAMMETT ST,5/11/2012 11:35 PM
NOISE NUISANCE,500 BLOCK GEARY ST,5/11/2012 11:32 PM
NOISE NUISANCE,100 BLOCK 2ND AV,5/11/2012 11:32 PM
NOISE NUISANCE,2100 BLOCK SUTTER ST,5/11/2012 11:27 PM
NOISE NUISANCE,2400 BLOCK POLK ST,5/11/2012 11:27 PM
DRUNK DRIVER,UNION ST & LAGUNA ST,5/11/2012 11:25 PM
NOISE NUISANCE,2800 BLOCK WEBSTER ST,5/11/2012 11:20 PM
NOISE NUISANCE,100 BLOCK CLEMENT ST,5/11/2012 11:18 PM
ASSAULT/BATTERY,300 BLOCK JONES ST,5/11/2012 11:17 PM
ASSAULT/BATTERY,300 BLOCK ELLIS ST,5/11/2012 11:05 PM
ASSAULT/BATTERY,MINNA ST & 2ND ST,5/11/2012 10:54 PM
AUTO BOOST/STRIP,500 BLOCK 2ND ST,5/11/2012 10:53 PM
VANDALISM,900 BLOCK SUTTER ST,5/11/2012 10:47 PM
PETTY THEFT,300 BLOCK SPEAR ST,5/11/2012 10:39 PM
NOISE NUISANCE,500 BLOCK JONES ST,5/11/2012 10:37 PM
NOISE NUISANCE,MARKET ST & DRUMM ST,5/11/2012 10:19 PM
IND EXPOSURE,500 BLOCK BATTERY ST,5/11/2012 10:11 PM
PERSON WITH GUN,MISSION ST & FREMONT ST,5/11/2012 10:05 PM
INTOX PERSON,900 BLOCK MARKET ST,5/11/2012 09:48 PM
NOISE NUISANCE,500 BLOCK DAVIS ST,5/11/2012 09:44 PM
STRONGARM ROB.,FOLS00 BLOCK ST,5/11/2012 09:40 PM
STOLEN VEHICLE,MARKET ST & 3RD ST,5/11/2012 09:36 PM
STRONGARM ROB.,STOCKTON ST & MARKET ST,5/11/2012 09:31 PM
NOISE NUISANCE,300 BLOCK THE EMBARCADERO NOR,5/11/2012 09:13 PM
AUTO BOOST/STRIP,200 BLOCK JACKSON ST,5/11/2012 08:57 PM
AUTO BOOST/STRIP,JACKSON ST & BALANCE ST,5/11/2012 08:51 PM
PETTY THEFT,800 BLOCK MARKET ST,5/11/2012 08:36 PM
PETTY THEFT,00 BLOCK 6TH ST,5/11/2012 08:32 PM
AUTO BOOST/STRIP,1000 BLOCK TURK ST,5/11/2012 08:20 PM
PETTY THEFT,1700 BLOCK LOMBARD ST,5/11/2012 08:05 PM
AUTO BOOST/STRIP,1000 BLOCK TURK ST,5/11/2012 08:00 PM
AUTO BOOST/STRIP,1000 BLOCK TURK ST,5/11/2012 07:52 PM
AUTO BOOST/STRIP,400 BLOCK 28TH AV,5/11/2012 07:50 PM
DRUNK DRIVER,VAN NESS AV & CALIFORNIA ST,5/11/2012 07:45 PM
PERSON WITH GUN,TURK ST & TAYLOR ST,5/11/2012 07:42 PM
PETTY THEFT,MARKET ST & 6TH ST,5/11/2012 07:36 PM
AUTO BOOST/STRIP,PIERCE ST & LOMBARD ST,5/11/2012 07:27 PM
AUTO BOOST/STRIP,MISSION ST & 5TH ST,5/11/2012 07:26 PM
PETTY THEFT,200 BLOCK GEARY ST,5/11/2012 07:07 PM
ASSAULT/BATTERY,00 BLOCK FREMONT ST,5/11/2012 07:05 PM
NOISE NUISANCE,300 BLOCK EDDY ST,5/11/2012 06:59 PM
PERSON WITH GUN,00 BLOCK 6TH ST,5/11/2012 06:40 PM
BURGLARY,1600 BLOCK CLEMENT ST,5/11/2012 06:39 PM
PERSON W/KNIFE,600 BLOCK GEARY ST,5/11/2012 06:38 PM
BURGLARY,100 BLOCK 27TH AV,5/11/2012 06:36 PM
NOISE NUISANCE,4TH ST & MARKET ST,5/11/2012 06:18 PM
PETTY THEFT,POLK ST & WASHINGTON ST,5/11/2012 06:01 PM
STABBING/CUTTING,900 BLOCK HYDE ST,5/11/2012 05:45 PM
PETTY THEFT,1800 BLOCK POST ST,5/11/2012 05:43 PM
VANDALISM,GEARY BL & COLLINS ST,5/11/2012 05:42 PM
STRONGARM ROB.,MARKET ST & KEARNY ST,5/11/2012 05:34 PM
ASSAULT/BATTERY,1000 BLOCK TURK ST,5/11/2012 05:21 PM
STOLEN VEHICLE,800 BLOCK SANSOME ST,5/11/2012 05:07 PM
IND EXPOSURE,00 BLOCK NOTTINGHAM PL,5/11/2012 04:50 PM
PURSESNATCH,MISSION ST & 5TH ST,5/11/2012 04:48 PM
PETTY THEFT,3000 BLOCK GEARY BL,5/11/2012 04:37 PM
BURGLARY,600 BLOCK CLAY ST,5/11/2012 04:31 PM
STABBING/CUTTING,ELLIS ST & JONES ST,5/11/2012 04:22 PM
FRAUD,600 BLOCK OFARRELL ST,5/11/2012 04:16 PM
IND EXPOSURE,1200 BLOCK LEAVENWORTH ST,5/11/2012 04:07 PM
PETTY THEFT,800 BLOCK MARKET ST,5/11/2012 04:02 PM
IND EXPOSURE,1400 BLOCK FILLMORE ST,5/11/2012 03:59 PM
STRONGARM ROB.,100 BLOCK NEW MONTGOMERY ST,5/11/2012 03:56 PM
FRAUD,2400 BLOCK BAY ST,5/11/2012 03:39 PM
ASSAULT/BATTERY,800 BLOCK MARKET ST,5/11/2012 03:16 PM
PETTY THEFT,1200 BLOCK UNION ST,5/11/2012 02:56 PM
PERSON WITH GUN,100 BLOCK 6TH ST,5/11/2012 02:47 PM
PETTY THEFT,800 BLOCK MARKET ST,5/11/2012 02:47 PM
FRAUD,00 BLOCK MONTGOMERY ST,5/11/2012 02:44 PM
AGGR ASSAULT/ADW,5TH ST & MISSION ST,5/11/2012 02:30 PM
GRAND THEFT,100 BLOCK OFARRELL ST,5/11/2012 02:29 PM
STOLEN VEHICLE,1800 BLOCK WASHINGTON ST,5/11/2012 02:10 PM
AGGR ASSAULT/ADW,00 BLOCK TURK ST,5/11/2012 02:07 PM
FRAUD,800 BLOCK ELLIS ST,5/11/2012 01:56 PM
BURGLARY,600 BLOCK MISSION ST,5/11/2012 01:54 PM
ASSAULT/BATTERY,1000 BLOCK TURK ST,5/11/2012 01:53 PM
GRAND THEFT,300 BLOCK GEARY ST,5/11/2012 01:47 PM
PETTY THEFT,700 BLOCK MARKET ST,5/11/2012 01:42 PM
PETTY THEFT,700 BLOCK MARKET ST,5/11/2012 01:41 PM
BURGLARY,4200 BLOCK GEARY BL,5/11/2012 01:41 PM
GRAND THEFT,100 BLOCK OFARRELL ST,5/11/2012 01:40 PM
AGGR ASSAULT/ADW,500 BLOCK MASON ST,5/11/2012 01:39 PM
INTOX PERSON,100 BLOCK MASON ST,5/11/2012 01:35 PM
BURGLARY,700 BLOCK MARKET ST,5/11/2012 01:19 PM
BURGLARY,100 BLOCK JESSIE ST,5/11/2012 01:18 PM
NOISE NUISANCE,POWELL ST & MARKET ST,5/11/2012 01:16 PM
NOISE NUISANCE,00 BLOCK POWELL ST,5/11/2012 01:13 PM
PETTY THEFT,200 BLOCK POST ST,5/11/2012 01:12 PM
GRAND THEFT,800 BLOCK MARKET ST,5/11/2012 01:04 PM
STOLEN VEHICLE,JONES ST & BUSH ST,5/11/2012 12:54 PM
NOISE NUISANCE,00 BLOCK POWELL ST,5/11/2012 12:46 PM
AUTO BOOST/STRIP,1000 BLOCK TURK ST,5/11/2012 12:35 PM
ASSAULT/BATTERY,300 BLOCK ELLIS ST,5/11/2012 12:34 PM
PETTY THEFT,00 BLOCK STOCKTON ST,5/11/2012 12:30 PM
PURSESNATCH,2000 BLOCK BUSH ST,5/11/2012 12:21 PM
STOLEN VEHICLE,700 BLOCK KEARNY ST,5/11/2012 12:17 PM
PETTY THEFT,100 BLOCK COLUMBUS AV,5/11/2012 12:07 PM
NOISE NUISANCE,MARKET ST & POWELL ST,5/11/2012 11:55 AM
NOISE NUISANCE,100 BLOCK 21ST AV,5/11/2012 11:52 AM
GRAND THEFT,100 BLOCK 2ND ST,5/11/2012 11:46 AM
PETTY THEFT,700 BLOCK MISSION ST,5/11/2012 11:38 AM
PETTY THEFT,800 BLOCK OFARRELL ST,5/11/2012 11:33 AM
PETTY THEFT,100 BLOCK ELLIS ST,5/11/2012 11:27 AM
NOISE NUISANCE,4TH ST & MARKET ST,5/11/2012 11:17 AM
ASSAULT/BATTERY,JONES ST & OFARRELL ST,5/11/2012 11:16 AM
BURGLARY,2800 BLOCK VAN NESS AV,5/11/2012 10:34 AM
AUTO BOOST/STRIP,700 BLOCK FRANKLIN ST,5/11/2012 10:21 AM
AUTO BOOST/STRIP,800 BLOCK MISSION ST,5/11/2012 10:05 AM
GRAND THEFT,2300 BLOCK CALIFORNIA ST,5/11/2012 09:40 AM
PETTY THEFT,400 BLOCK HYDE ST,5/11/2012 09:32 AM
PETTY THEFT,900 BLOCK BROADWAY ST,5/11/2012 08:45 AM
AUTO BOOST/STRIP,GREEN ST & FILLMORE ST,5/11/2012 08:07 AM
STOLEN VEHICLE,GREEN ST & FILLMORE ST,5/11/2012 08:05 AM
SOLICITING PROS,00 BLOCK DANIEL BURNHAM CT,5/11/2012 08:03 AM
ASSAULT/BATTERY,700 BLOCK VALLEJO ST,5/11/2012 07:55 AM
STRONGARM ROB.,JONES ST & ELLIS ST,5/11/2012 07:52 AM
STOLEN VEHICLE,1000 BLOCK TURK ST,5/11/2012 07:33 AM
BURGLARY,700 BLOCK FOLSOM ST,5/11/2012 07:31 AM
STOLEN VEHICLE,2000 BLOCK SACRAMENTO ST,5/11/2012 07:11 AM
BURGLARY,900 BLOCK POST ST,5/11/2012 06:57 AM
STOLEN VEHICLE,POST ST & HYDE ST,5/11/2012 06:06 AM
BURGLARY,500 BLOCK CLEMENT ST,5/11/2012 06:05 AM
ASSAULT/BATTERY,2500 BLOCK CALIFORNIA ST,5/11/2012 04:52 AM
NOISE NUISANCE,600 BLOCK JONES ST,5/11/2012 03:44 AM
NOISE NUISANCE,200 BLOCK EDDY ST,5/11/2012 03:17 AM
AUTO BOOST/STRIP,1300 BLOCK WASHINGTON ST,5/11/2012 02:55 AM
NOISE NUISANCE,200 BLOCK OFARRELL ST,5/11/2012 02:49 AM
NOISE NUISANCE,00 BLOCK FERN ST,5/11/2012 02:09 AM
NOISE NUISANCE,600 BLOCK JONES ST,5/11/2012 02:08 AM
NOISE NUISANCE,300 BLOCK 5TH AV,5/11/2012 01:49 AM
ASSAULT/BATTERY,100 BLOCK 8TH AV,5/11/2012 01:41 AM
VANDALISM,200 BLOCK CLEMENT ST,5/11/2012 01:39 AM
NOISE NUISANCE,700 BLOCK HARRISON ST,5/11/2012 01:34 AM
ASSAULT/BATTERY,1000 BLOCK TURK ST,5/11/2012 01:27 AM
NOISE NUISANCE,600 BLOCK POST ST,5/11/2012 01:12 AM
AUTO BOOST/STRIP,FOLSOM ST & 4TH ST,5/11/2012 12:51 AM
ASSAULT/BATTERY,BUSH ST & TAYLOR ST,5/11/2012 12:48 AM
AUTO BOOST/STRIP,GEARY BL & SCOTT ST,5/11/2012 12:46 AM
SOLICITING PROS,900 BLOCK POST ST,5/11/2012 12:44 AM
NOISE NUISANCE,MASON ST & GEARY ST,5/11/2012 12:38 AM
NOISE NUISANCE,JONES ST & CALIFORNIA ST,5/11/2012 12:33 AM
NOISE NUISANCE,500 BLOCK BUSH ST,5/11/2012 12:07 AM
AUTO BOOST/STRIP,GEARY BL & SCOTT ST,5/11/2012 12:06 AM
NOISE NUISANCE,POLK ST & TURK ST,5/11/2012 12:02 AM
AUTO BOOST/STRIP,SCOTT ST & GEARY BL,5/10/2012 11:58 PM
PERSON WITH GUN,MARKET ST & JONES ST,5/10/2012 11:52 PM
PERSON WITH GUN,MARKET ST & MCALLISTER ST,5/10/2012 11:45 PM
NOISE NUISANCE,800 BLOCK OFARRELL ST,5/10/2012 11:41 PM
NOISE NUISANCE,800 BLOCK OFARRELL ST,5/10/2012 11:39 PM
NOISE NUISANCE,4600 BLOCK GEARY BL,5/10/2012 11:33 PM
BURGLARY,700 BLOCK PRESIDIO AV,5/10/2012 11:28 PM
NOISE NUISANCE,200 BLOCK 4TH AV,5/10/2012 11:26 PM
STOLEN VEHICLE,VAN NESS AV & POST ST,5/10/2012 11:20 PM
NOISE NUISANCE,00 BLOCK DRUMM ST,5/10/2012 11:11 PM
ASSAULT/BATTERY,100 BLOCK TAYLOR ST,5/10/2012 11:07 PM
NOISE NUISANCE,3600 BLOCK CLAY ST,5/10/2012 10:50 PM
AUTO BOOST/STRIP,1000 BLOCK TURK ST,5/10/2012 10:36 PM
NOISE NUISANCE,800 BLOCK HOWARD ST,5/10/2012 10:32 PM
PETTY THEFT,500 BLOCK CALIFORNIA ST,5/10/2012 10:08 PM
AUTO BOOST/STRIP,PIERCE ST & CHESTNUT ST,5/10/2012 10:00 PM
AUTO BOOST/STRIP,00 BLOCK BARTOL ST,5/10/2012 09:43 PM
ASSAULT/BATTERY,500 BLOCK GEARY ST,5/10/2012 09:36 PM
AUTO BOOST/STRIP,FRANCISCO ST & DIVISADERO ST,5/10/2012 09:32 PM
GRAND THEFT,3200 BLOCK SCOTT ST,5/10/2012 09:06 PM
ROBBERY,1600 BLOCK BATTERY CHAMBERLIN RD,5/10/2012 08:48 PM
ASSAULT/BATTERY,CALIFORNIA ST & FRANKLIN ST,5/10/2012 08:22 PM
NOISE NUISANCE,300 BLOCK EDDY ST,5/10/2012 08:13 PM
BURGLARY,300 BLOCK KEARNY ST,5/10/2012 08:12 PM
NOISE NUISANCE,800 BLOCK TURK ST,5/10/2012 07:54 PM
INTOX PERSON,00 BLOCK GOLDEN GATE AV,5/10/2012 07:51 PM
PERSON WITH GUN,100 BLOCK MCALLISTER ST,5/10/2012 07:20 PM
PERSON WITH GUN,300 BLOCK ELLIS ST,5/10/2012 07:20 PM
AGGR ASSAULT/ADW,500 BLOCK MARKET ST,5/10/2012 07:19 PM
PETTY THEFT,5TH ST & MARKET ST,5/10/2012 07:07 PM
STOLEN VEHICLE,1000 BLOCK TURK ST,5/10/2012 06:43 PM
NOISE NUISANCE,POWELL ST & MARKET ST,5/10/2012 06:41 PM
IND EXPOSURE,500 BLOCK MISSION ST,5/10/2012 06:37 PM
STOLEN VEHICLE,1000 BLOCK TURK ST,5/10/2012 06:23 PM
VANDALISM,100 BLOCK TURK ST,5/10/2012 06:12 PM
BURGLARY,600 BLOCK EDDY ST,5/10/2012 06:06 PM
PETTY THEFT,OFARRELL ST & POWELL ST,5/10/2012 05:51 PM
PETTY THEFT,VAN NESS AV & GEARY BL,5/10/2012 05:38 PM
ASSAULT/BATTERY,900 BLOCK MARKET ST,5/10/2012 05:35 PM
PURSESNATCH,PRESIDIO AV & CALIFORNIA ST,5/10/2012 05:16 PM
AUTO BOOST/STRIP,200 BLOCK 3RD ST,5/10/2012 05:03 PM
AUTO BOOST/STRIP,FRANK NORRIS ST & POLK ST,5/10/2012 04:59 PM
FRAUD,1000 BLOCK POLK ST,5/10/2012 04:57 PM
STOLEN VEHICLE,2700 BLOCK VAN NESS AV,5/10/2012 04:21 PM
PETTY THEFT,3100 BLOCK SACRAMENTO ST,5/10/2012 04:17 PM
PETTY THEFT,900 BLOCK MARKET ST,5/10/2012 04:07 PM
PETTY THEFT,200 BLOCK MASON ST,5/10/2012 04:07 PM
AUTO BOOST/STRIP,700 BLOCK HOWARD ST,5/10/2012 04:04 PM
BURGLARY,300 BLOCK 19TH AV,5/10/2012 03:57 PM
STOLEN VEHICLE,300 BLOCK SUTTER ST,5/10/2012 03:18 PM
FRAUD,100 BLOCK 2ND ST,5/10/2012 02:52 PM
PETTY THEFT,POST ST & FILLMORE ST,5/10/2012 02:32 PM
ROBBERY,MARKET ST & 5TH ST,5/10/2012 02:01 PM
VANDALISM,400 BLOCK ELLIS ST,5/10/2012 01:46 PM
PETTY THEFT,200 BLOCK KEARNY ST,5/10/2012 01:38 PM
INTOX PERSON,5TH ST & MARKET ST,5/10/2012 01:37 PM
PETTY THEFT,200 BLOCK CLAY ST,5/10/2012 01:29 PM
PETTY THEFT,400 BLOCK HYDE ST,5/10/2012 01:28 PM
STRONGARM ROB.,LAGUNA ST & GEARY BL,5/10/2012 01:24 PM
IND EXPOSURE,600 BLOCK EDDY ST,5/10/2012 01:16 PM
GRAND THEFT,300 BLOCK POWELL ST,5/10/2012 01:15 PM
ASSAULT/BATTERY,300 BLOCK GOLDEN GATE AV,5/10/2012 12:36 PM
PETTY THEFT,300 BLOCK CLAY ST,5/10/2012 12:35 PM
PETTY THEFT,500 BLOCK POST ST,5/10/2012 12:24 PM
IND EXPOSURE,1100 BLOCK POLK ST,5/10/2012 12:12 PM
BURGLARY,2800 BLOCK OCTAVIA ST,5/10/2012 12:08 PM
IND EXPOSURE,ELLIS ST & HYDE ST,5/10/2012 12:05 PM
BURGLARY,700 BLOCK MARKET ST,5/10/2012 12:03 PM
ASSAULT/BATTERY,700 BLOCK POLK ST,5/10/2012 11:49 AM
AUTO BOOST/STRIP,CLAY ST & STEINER ST,5/10/2012 11:35 AM
PETTY THEFT,POLK ST & BUSH ST,5/10/2012 11:26 AM
PETTY THEFT,100 BLOCK OFARRELL ST,5/10/2012 11:19 AM
BURGLARY,700 BLOCK FOLSOM ST,5/10/2012 11:13 AM
PETTY THEFT,1000 BLOCK TURK ST,5/10/2012 11:05 AM
PETTY THEFT,100 BLOCK NEW MONTGOMERY ST,5/10/2012 10:56 AM
VANDALISM,300 BLOCK 30TH AV,5/10/2012 10:51 AM
NOISE NUISANCE,800 BLOCK OFARRELL ST,5/10/2012 10:35 AM
PETTY THEFT,400 BLOCK HYDE ST,5/10/2012 10:33 AM
ASSAULT/BATTERY,1000 BLOCK TURK ST,5/10/2012 10:31 AM
IND EXPOSURE,1400 BLOCK VAN NESS AV,5/10/2012 10:08 AM
ROBBERY,00 BLOCK FRONT ST,5/10/2012 10:01 AM
PETTY THEFT,00 BLOCK MASON ST,5/10/2012 09:42 AM
ASSAULT/BATTERY,00 BLOCK MCALLISTER ST,5/10/2012 09:35 AM
VANDALISM,100 BLOCK JONES ST,5/10/2012 09:33 AM
STABBING/CUTTING,6TH ST & MISSION ST,5/10/2012 09:23 AM
AUTO BOOST/STRIP,1000 BLOCK TURK ST,5/10/2012 09:22 AM
BURGLARY,700 BLOCK MISSION ST,5/10/2012 08:54 AM
FRAUD,1000 BLOCK TURK ST,5/10/2012 08:54 AM
BURGLARY,1700 BLOCK PACIFIC AV,5/10/2012 08:40 AM
PETTY THEFT,400 BLOCK EDDY ST,5/10/2012 08:39 AM
STOLEN VEHICLE,900 BLOCK BUSH ST,5/10/2012 08:39 AM
ASSAULT/BATTERY,800 BLOCK MARKET ST,5/10/2012 08:12 AM
STOLEN VEHICLE,900 BLOCK VAN NESS AV,5/10/2012 07:46 AM
ASSAULT/BATTERY,3700 BLOCK CALIFORNIA ST,5/10/2012 07:13 AM
FRAUD,1000 BLOCK TURK ST,5/10/2012 07:12 AM
NOISE NUISANCE,800 BLOCK MONTGOMERY ST,5/10/2012 06:59 AM
NOISE NUISANCE,800 BLOCK MONTGOMERY ST,5/10/2012 06:27 AM
IND EXPOSURE,3300 BLOCK FILLMORE ST,5/10/2012 05:36 AM
ASSAULT/BATTERY,1300 BLOCK SUTTER ST,5/10/2012 05:13 AM
VANDALISM,2ND ST & MISSION ST,5/10/2012 04:31 AM
AUTO BOOST/STRIP,4TH ST & CLARA ST,5/10/2012 03:25 AM
FRAUD,700 BLOCK VALLEJO ST,5/10/2012 03:14 AM
ASSAULT/BATTERY,900 BLOCK HYDE ST,5/10/2012 03:06 AM
NOISE NUISANCE,PARKER AV & EUCLID AV,5/10/2012 03:03 AM
NOISE NUISANCE,00 BLOCK MCALLISTER ST,5/10/2012 02:53 AM
NOISE NUISANCE,400 BLOCK 4TH AV,5/10/2012 02:52 AM
NOISE NUISANCE,00 BLOCK 6TH ST,5/10/2012 02:38 AM
PERSON WITH GUN,BUCHANAN ST & SUTTER ST,5/10/2012 02:37 AM
NOISE NUISANCE,ELLIS ST & JONES ST,5/10/2012 02:21 AM
NOISE NUISANCE,800 BLOCK HYDE ST,5/10/2012 02:05 AM
NOISE NUISANCE,SUTTER ST & HYDE ST,5/10/2012 02:04 AM
NOISE NUISANCE,1000 BLOCK SUTTER ST,5/10/2012 02:04 AM
ASSAULT/BATTERY,400 BLOCK POWELL ST,5/10/2012 01:31 AM
NOISE NUISANCE,00 BLOCK PARKER AV,5/10/2012 12:53 AM
NOISE NUISANCE,300 BLOCK 5TH AV,5/10/2012 12:38 AM
STOLEN VEHICLE,MONTGOMERY ST & BUSH ST,5/10/2012 12:32 AM
SEXUAL ASSAULT,FRANKLIN ST & EDDY ST,5/10/2012 12:27 AM
NOISE NUISANCE,800 BLOCK PINE ST,5/10/2012 12:23 AM
AUTO BOOST/STRIP,00 BLOCK LAPU LAPU ST,5/10/2012 12:17 AM
ASSAULT/BATTERY,00 BLOCK TURK ST,5/10/2012 12:08 AM
AUTO BOOST/STRIP,100 BLOCK 2ND ST,5/10/2012 12:03 AM
